Model,Rank,MAPE
ETSFull,1.0,5.455499571701485
DLTFull,2.0,6.600522799616082
LGTAggregation,3.0,6.797440971411444
DLTMAP_LogLin,4.0,6.830416626140841
DLTMAP_Logistic,5.0,6.830431777422237
DLTMAP_Linear,6.0,6.830432278920058
ARIMA,7.0,8.15894027943756
LGTFull,8.0,8.81301738806221
LGTMAP,9.0,11.706482359934922
